cluster_kmeans,trans_publik,luas_tanah,luas_bangunan,lok_lat,lok_lon,harga,universitas,sekolah,tol,bandara,bebas_banjir,mall,garasi_carport,kamar_pembantu,cluster,rmh_sakit,label_properti,label_sertifikat,kmr_mandi,kmr_tidur
0,0,30.0,30.0,-6.252,106.847,310000000.0,0,0,0,0,0,0,0,0,0,0,2,1,1,2
0,0,400.0,200.0,-6.244,106.776,1950000000.0,0,0,0,0,0,0,0,1,0,0,1,1,3,4
0,0,48.0,48.0,-6.252,106.847,5000000.0,0,0,0,0,0,0,0,0,0,0,2,3,1,2
1,0,998.0,871.0,-6.289,106.839,30000000000.0,0,0,1,0,0,0,1,0,0,0,1,1,4,6
2,0,915.0,399.0,-6.244,106.776,13000000000.0,1,1,0,0,0,1,0,1,0,0,1,3,1,5
0,1,23.0,23.0,-6.244,106.776,400000002.0,1,0,1,0,0,1,0,0,0,0,2,1,1,1
2,1,243.0,262.0,-6.284,106.8,8300000000.0,0,0,1,0,0,0,1,0,1,0,1,1,4,5
1,0,400.0,645.0,-6.244,106.776,24000000000.0,0,0,0,0,0,0,1,0,0,0,1,1,7,7
0,0,60.0,36.0,-6.284,106.8,489000014.0,0,0,1,0,1,0,1,0,1,0,1,1,1,2
0,0,72.0,36.0,-6.247,106.761,380000000.0,0,0,0,1,0,0,0,0,0,0,1,1,1,2
0,0,60.0,36.0,-6.252,106.847,489000012.0,0,0,1,0,1,0,1,0,1,0,1,1,1,2
0,1,64.0,75.0,-6.284,106.8,770000000.0,1,0,1,0,1,1,1,0,1,0,1,1,2,3
0,0,120.0,79.0,-6.284,106.8,1500000001.0,1,0,0,0,0,1,0,0,0,0,1,1,2,3
0,0,54.0,54.0,-6.25,106.82,7000000.0,0,0,0,0,0,0,0,0,0,0,2,3,1,2
0,0,43.0,43.0,-6.252,106.847,710000000.0,0,0,0,0,0,1,0,0,0,0,2,1,1,2
0,0,34.0,34.0,-6.252,106.847,397000000.0,0,0,0,0,0,1,0,0,0,0,2,1,1,2
0,0,60.0,60.0,-6.244,106.776,950000000.0,0,0,0,0,0,0,0,0,0,0,2,2,2,2
0,1,70.0,90.0,-6.244,106.776,1580000000.0,0,1,1,0,1,0,0,0,0,0,1,1,2,3
2,1,500.0,800.0,-6.289,106.839,12000000000.0,0,0,0,0,0,0,0,0,0,0,1,1,10,10
2,0,256.0,432.0,-6.284,106.8,10000000000.0,0,0,0,0,0,0,1,0,0,0,1,1,3,3
0,0,0.0,56.0,-6.284,106.8,3800000000.0,0,0,0,0,0,0,0,0,0,0,2,3,1,1
0,0,118.0,100.0,-6.244,106.776,1550000000.0,0,0,0,0,0,0,0,0,0,0,1,1,2,3
2,0,347.0,600.0,-6.284,106.8,9900000000.0,0,0,0,0,0,0,1,0,0,0,1,1,6,8
0,0,82.0,60.0,-6.25,106.82,735000000.0,0,0,0,0,0,0,0,0,0,0,1,1,2,2
0,0,28.0,28.0,-6.289,106.839,800000000.0,0,0,0,0,0,0,0,0,0,0,2,1,1,1
0,0,394.0,500.0,-6.25,106.82,270000000.0,0,0,0,0,0,0,0,0,0,0,1,1,3,4
0,0,83.0,50.0,-6.289,106.839,735000000.0,0,0,0,0,0,0,0,0,0,0,1,1,2,2
0,0,82.0,60.0,-6.25,106.82,735000000.0,0,0,0,0,0,0,0,0,0,0,1,1,2,2
0,0,72.0,30.0,-6.252,106.847,595000000.0,0,1,1,0,0,0,0,0,0,1,1,1,1,2
0,0,50.0,135.0,-6.25,106.82,3000000001.0,0,0,0,0,0,0,0,0,1,0,1,1,5,4
2,0,949.0,800.0,-6.292,106.812,16000000000.0,0,0,0,0,0,0,1,0,0,0,1,1,5,5
0,0,23.0,23.0,-6.252,106.847,2900000.0,0,0,0,0,0,0,0,0,0,0,2,3,1,1
2,0,180.0,180.0,-6.26,106.801,7700000000.0,0,0,1,0,0,0,0,0,0,0,2,3,3,3
2,0,2000.0,180.0,-6.248,106.823,13850000000.0,0,0,0,0,0,0,0,0,0,0,1,1,5,4
0,0,36.0,36.0,-6.252,106.847,445000000.0,0,0,0,0,0,0,0,0,0,0,2,1,1,2
2,0,288.0,400.0,-6.243,106.8,15000000000.0,0,0,0,0,0,0,0,0,0,0,1,1,6,5
1,0,475.0,400.0,-6.243,106.8,25000000000.0,0,0,0,0,0,0,0,0,0,0,1,1,3,3
2,0,960.0,750.0,-6.25,106.82,17500000000.0,0,0,0,0,0,0,0,0,0,0,1,1,4,5
0,0,74.0,45.0,-6.243,106.8,487000000.0,0,1,1,0,1,0,0,0,0,1,1,1,1,2
1,0,950.0,500.0,-6.243,106.8,35000000000.0,0,0,0,0,0,0,0,0,0,0,1,1,6,6
0,0,42.0,42.0,-6.252,106.847,4890000.0,0,0,0,0,0,0,0,0,0,0,2,1,1,2
0,0,80.0,85.0,-6.247,106.761,775000013.0,0,1,1,0,1,0,1,0,0,0,1,1,2,3
0,0,80.0,85.0,-6.289,106.839,775000012.0,0,1,1,0,1,0,1,0,0,0,1,1,2,3
0,0,80.0,85.0,-6.252,106.847,775000011.0,0,1,1,0,1,0,1,0,0,0,1,1,2,3
2,0,308.0,421.0,-6.289,106.839,7500000000.0,0,1,0,0,0,0,0,1,0,1,1,1,4,5
0,0,100.0,90.0,-6.252,106.847,2800000000.0,0,0,0,0,0,0,0,0,0,0,1,1,1,1
0,1,38.0,38.0,-6.289,106.839,300000.0,0,0,0,0,0,1,0,0,0,0,2,1,1,2
0,1,21.0,21.0,-6.289,106.839,270000000.0,0,0,1,0,0,1,1,0,0,0,2,2,1,1
0,1,45.0,45.0,-6.243,106.8,25000000.0,0,0,0,0,0,0,0,0,0,0,1,1,1,1
0,0,23000.0,22.0,-6.284,106.8,300000000.0,0,0,0,0,0,0,0,0,0,0,2,1,1,1
0,1,87.0,40.0,-6.252,106.847,499000000.0,0,0,1,0,0,1,0,0,0,0,1,1,1,2
2,0,264.0,605.0,-6.243,106.8,19500000000.0,0,0,0,0,0,0,0,1,0,0,1,1,5,7
0,1,55.0,40.0,-6.289,106.839,255000000.0,1,0,1,0,0,1,0,0,1,1,1,1,1,2
0,0,275.0,450.0,-6.243,106.8,650000000.0,0,0,0,0,0,0,1,0,0,0,1,3,3,4
0,1,72.0,40.0,-6.25,106.82,489000000.0,0,0,1,0,0,1,0,0,0,0,1,1,1,2
0,0,18.0,18.0,-6.243,106.8,3700000.0,0,0,0,0,0,0,0,0,0,0,2,3,1,1
2,0,265.0,300.0,-6.243,106.8,15500000000.0,0,0,0,0,0,0,0,0,0,0,1,1,10,10
0,0,50.0,36.0,-6.284,106.8,245000000.0,0,0,0,0,0,0,0,0,0,0,1,1,1,2
0,0,22.0,22.0,-6.25,106.82,400000001.0,0,0,0,0,0,1,0,0,0,0,2,1,1,1
0,0,130.0,315.0,-6.26,106.801,4800000000.0,0,0,0,0,0,0,1,0,0,0,1,1,5,4
0,1,62.0,100.0,-6.284,106.8,1220000000.0,0,0,1,0,0,0,0,0,0,0,1,1,2,3
0,1,72.0,35.0,-6.289,106.839,394000000.0,0,0,1,0,0,0,0,0,0,0,1,1,1,2
0,1,60.0,71.0,-6.289,106.839,1539000000.0,0,1,0,0,0,0,1,0,1,1,1,1,2,2
0,0,280.0,380.0,-6.244,106.776,4500000000.0,0,0,1,0,1,1,0,0,0,0,1,1,5,8
0,1,106.0,80.0,-6.244,106.776,1750000000.0,0,0,1,0,0,0,1,0,0,0,1,1,2,2
0,0,180.0,345.0,-6.244,106.776,6000000000.0,0,0,0,0,0,0,0,0,0,0,1,1,6,10
0,0,60.0,40.0,-6.243,106.8,285000011.0,0,0,0,0,0,0,0,0,0,0,1,1,1,2
0,0,66.0,45.0,-6.289,106.839,530000000.0,0,0,1,0,0,0,0,0,1,0,1,1,1,2
0,0,70.0,40.0,-6.284,106.8,320000013.0,0,0,0,0,0,0,0,0,0,0,1,1,1,2
0,0,349.0,500.0,-6.25,106.82,270000000.0,0,0,0,0,0,0,0,0,0,0,1,1,3,4
0,1,64.0,75.0,-6.252,106.847,770000000.0,1,0,1,0,1,1,1,0,1,0,1,1,2,3
0,0,66.0,45.0,-6.25,106.82,530000000.0,0,0,1,0,0,0,0,0,1,0,1,1,1,2
0,0,66.0,45.0,-6.244,106.776,530000000.0,0,0,1,0,0,0,0,0,1,0,1,1,1,2
0,0,66.0,45.0,-6.284,106.8,530000000.0,0,0,1,0,0,0,0,0,1,0,1,1,1,2
0,0,150.0,90.0,-6.289,106.839,80000000.0,0,0,0,0,0,0,0,0,0,0,1,1,2,3
1,0,1053.0,720.0,-6.243,106.8,26325000000.0,0,0,0,0,0,0,0,0,0,0,1,1,4,4
1,0,196.0,300.0,-6.243,106.8,25000000000.0,0,0,0,0,0,0,0,0,0,0,1,1,5,4
0,0,72.0,36.0,-6.289,106.839,500000000.0,0,0,0,0,0,0,0,0,0,0,1,1,1,2
0,0,73.0,60.0,-6.289,106.839,750000000.0,0,0,0,0,0,0,0,0,0,0,1,1,1,2
0,1,35.0,35.0,-6.252,106.847,500000000.0,0,0,1,0,0,1,0,0,0,0,2,2,1,2
0,0,350.0,285.0,-6.284,106.8,5500000000.0,0,0,0,0,1,0,0,0,0,0,1,1,4,6
0,0,22.0,22.0,-6.289,106.839,2000000.0,0,0,1,0,0,1,0,0,0,0,2,1,1,1
0,0,60.0,30.0,-6.284,106.8,100000000.0,0,1,0,0,0,0,0,0,0,0,1,1,1,2
0,1,83.0,50.0,-6.252,106.847,720000000.0,0,0,1,0,1,0,1,0,0,1,1,1,2,2
0,1,287.0,210.0,-6.289,106.839,3200000000.0,1,1,1,0,0,1,1,0,0,0,1,1,1,3
0,0,165.0,300.0,-6.252,106.847,3500000000.0,0,0,0,0,1,0,1,0,0,0,1,1,3,6
0,0,136.0,136.0,-6.284,106.8,3000000000.0,0,0,0,0,0,0,0,1,0,0,2,3,3,4
0,1,83.0,50.0,-6.243,106.8,720000000.0,0,0,1,0,1,0,1,0,0,1,1,1,2,2
0,0,60.0,40.0,-6.284,106.8,315000000.0,0,0,0,0,0,0,0,0,0,0,1,1,1,2
0,0,33.0,33.0,-6.252,106.847,4250000.0,0,0,0,0,0,0,0,0,0,0,2,2,1,2
0,1,60.0,32.0,-6.284,106.8,600000009.0,1,0,1,0,0,1,0,0,0,0,1,1,1,2
2,1,400.0,400.0,-6.284,106.8,14000000000.0,0,1,0,0,1,1,1,1,0,0,1,1,4,4
2,0,400.0,225.0,-6.289,106.839,8100000000.0,0,0,0,0,0,0,0,0,0,1,1,1,2,2
0,0,114.0,160.0,-6.284,106.8,2400000000.0,0,0,1,0,1,1,0,0,0,0,1,1,3,4
0,1,52.0,50.0,-6.284,106.8,600000999.0,0,0,0,0,0,0,0,0,0,0,1,1,2,2
2,0,300.0,600.0,-6.25,106.82,18000000000.0,0,0,0,0,0,0,0,0,0,0,1,3,1,1
2,0,650.0,220.0,-6.284,106.8,16000000000.0,0,0,0,0,1,0,0,1,0,0,1,1,3,6
0,0,90.0,60.0,-6.289,106.839,735000000.0,0,0,0,0,0,0,0,0,0,0,1,1,2,2
0,0,90.0,60.0,-6.243,106.8,735000000.0,0,0,0,0,0,0,0,0,0,0,1,1,2,2
0,0,60.0,30.0,-6.284,106.8,168000000.0,0,0,0,0,1,0,0,0,0,0,1,1,1,2
0,0,66.0,45.0,-6.244,106.776,530000000.0,0,0,1,0,0,0,0,0,1,0,1,1,1,2
0,0,35.0,70.0,-6.284,106.8,760000000.0,0,0,0,0,0,0,1,0,0,0,1,1,1,3
0,0,43.0,43.0,-6.284,106.8,3200000.0,0,0,0,0,0,0,0,0,0,0,2,2,1,2
3,0,2630.0,1500.0,-6.25,106.82,72000000000.0,0,0,0,0,0,0,0,0,0,0,1,1,6,6
0,0,66.0,45.0,-6.289,106.839,530000000.0,0,0,1,0,0,0,0,0,1,0,1,1,1,2
0,0,22.0,22.0,-6.284,106.8,2300000.0,0,0,0,0,0,0,0,0,0,0,2,2,1,1
0,0,66.0,45.0,-6.25,106.82,530000000.0,0,0,1,0,0,0,0,0,1,0,1,1,1,2
0,0,41.0,41.0,-6.284,106.8,3500000.0,0,0,0,0,0,0,0,0,0,0,2,2,1,2
0,0,34.0,34.0,-6.284,106.8,3200000.0,0,0,0,0,0,0,0,0,0,0,2,2,1,2
0,0,24.0,24.0,-6.284,106.8,2300000.0,0,0,0,0,0,0,0,0,0,0,2,2,1,1
0,0,33.0,33.0,-6.252,106.847,345000000.0,0,0,0,0,0,0,0,0,0,0,2,1,1,2
0,0,178.0,46.0,-6.289,106.839,1900000000.0,0,0,1,0,0,0,0,0,1,0,1,1,1,2
0,0,200.0,154.0,-6.243,106.8,2000000000.0,0,0,1,0,1,0,0,1,0,0,1,1,5,4
0,0,105.0,115.0,-6.243,106.8,1647418500.0,0,0,0,0,0,0,0,1,0,0,1,1,3,4
0,0,105.0,115.0,-6.243,106.8,1647418500.0,0,0,1,0,1,0,0,0,0,0,1,1,2,4
0,1,84.0,39.0,-6.243,106.8,600000001.0,1,1,1,0,0,1,0,0,1,1,1,1,1,2
0,0,120.0,118.0,-6.243,106.8,2300000000.0,0,0,1,0,0,0,0,1,0,0,1,1,4,4
0,0,180.0,78.0,-6.243,106.8,1600000000.0,0,1,1,0,1,0,0,0,0,1,1,1,3,3
0,0,120.0,118.0,-6.289,106.839,2368236150.0,0,0,0,0,0,0,1,0,0,0,1,1,3,4
0,0,200.0,154.0,-6.243,106.8,2300000000.0,0,0,1,0,1,0,1,0,0,0,1,1,5,4
0,0,23.0,25.0,-6.289,106.839,76000.0,0,0,0,0,0,0,0,0,0,0,2,2,1,1
0,1,105.0,115.0,-6.284,106.8,1647418500.0,0,0,1,1,1,0,1,0,0,1,1,1,4,4
2,0,451.0,335.0,-6.244,106.776,9900000000.0,0,0,1,0,1,0,1,1,0,1,1,1,3,3
0,0,27.0,25.0,-6.284,106.8,71000.0,0,0,0,0,0,0,0,0,0,0,2,2,1,1
0,0,299.0,250.0,-6.243,106.8,6500000000.0,1,0,0,0,0,0,0,0,0,0,1,1,10,10
0,1,68.0,94.0,-6.289,106.839,690000000.0,0,0,0,0,0,0,1,0,0,0,1,1,2,3
0,0,103.0,150.0,-6.289,106.839,2200000000.0,0,1,0,0,1,0,1,0,0,0,1,1,4,4
0,0,96.0,150.0,-6.289,106.839,2275000000.0,0,1,1,0,1,1,1,0,0,0,1,1,4,4
0,0,121.0,121.0,-6.243,106.8,2200000006.0,0,0,0,0,0,1,0,0,0,0,2,1,2,2
0,1,83.0,90.0,-6.284,106.8,1274000100.0,0,0,1,0,0,0,1,0,0,0,1,1,2,3
0,1,64.0,75.0,-6.284,106.8,770000000.0,1,0,1,0,1,1,1,0,1,0,1,1,2,3
0,0,250.0,334.0,-6.247,106.761,2200000000.0,0,0,1,0,1,0,1,0,0,0,1,1,6,6
0,1,51.0,84.0,-6.244,106.776,1250000000.0,0,0,0,0,1,1,1,0,0,0,1,1,2,2
0,1,100.0,150.0,-6.289,106.839,2200000000.0,0,1,0,0,1,0,0,0,0,0,1,1,4,4
2,0,1700.0,330.0,-6.284,106.8,16000000000.0,0,1,1,0,0,0,1,0,0,1,1,1,4,4
0,0,78.0,78.0,-6.247,106.761,2000000000.0,0,0,0,0,1,0,1,0,0,0,1,1,2,2
0,1,60.0,40.0,-6.244,106.776,350000000.0,0,0,1,0,0,1,1,0,1,0,1,1,1,2
0,0,50.0,25.0,-6.289,106.839,1100000.0,0,0,1,0,0,0,0,0,0,0,1,1,1,1
2,0,548.0,548.0,-6.244,106.776,10500000000.0,0,0,1,0,0,0,0,0,0,0,1,1,4,5
2,0,365.0,334.0,-6.247,106.761,7300000000.0,0,0,1,0,0,1,0,0,0,1,1,1,5,4
0,0,64.0,40.0,-6.289,106.839,310000000.0,0,0,0,0,0,0,0,0,0,0,1,1,1,2
0,0,90.0,100.0,-6.284,106.8,2500000000.0,0,0,1,0,1,1,0,0,0,0,1,1,3,3
2,1,610.0,400.0,-6.243,106.8,11000000000.0,0,0,0,0,0,0,1,0,0,0,1,1,3,4
2,1,348.0,325.0,-6.284,106.8,8500000000.0,0,1,1,0,1,1,1,0,0,0,1,1,5,6
0,0,33.0,33.0,-6.252,106.847,150000.0,0,0,0,0,0,0,0,0,0,0,2,2,1,2
0,0,104.0,88.0,-6.247,106.761,790000028.0,0,1,1,0,1,0,1,0,0,0,1,1,2,3
0,0,104.0,88.0,-6.289,106.839,790000027.0,0,1,1,0,1,0,1,0,0,0,1,1,2,3
0,0,104.0,88.0,-6.252,106.847,790000026.0,0,1,1,0,1,0,1,0,0,0,1,1,2,3
0,0,104.0,88.0,-6.25,106.82,790000025.0,0,1,1,0,1,0,1,0,0,0,1,1,2,3
0,0,104.0,88.0,-6.243,106.8,790000023.0,0,1,1,0,1,0,1,0,0,0,1,1,2,3
0,1,61.0,40.0,-6.284,106.8,285000000.0,0,1,1,0,1,0,0,0,1,0,1,1,1,2
0,0,41.0,41.0,-6.289,106.839,7250000.0,0,0,1,0,0,1,0,0,0,0,2,2,1,1
0,1,77.0,77.0,-6.243,106.8,1750000000.0,0,0,0,0,0,0,1,0,0,0,1,1,1,2
0,0,60.0,60.0,-6.243,106.8,35000000.0,0,0,0,0,0,0,0,0,0,0,1,1,1,2
0,0,60.0,36.0,-6.252,106.847,490000023.0,0,0,1,0,1,0,1,0,1,0,1,1,1,2
2,1,425.0,210.0,-6.252,106.847,13500000000.0,0,1,0,0,1,0,0,0,0,1,1,1,3,4
0,0,60.0,36.0,-6.25,106.82,490000022.0,0,0,1,0,1,0,1,0,1,0,1,1,1,2
0,0,60.0,36.0,-6.243,106.8,490000021.0,0,0,1,0,1,0,1,0,1,0,1,1,1,2
2,0,209.0,400.0,-6.284,106.8,7900000000.0,0,0,1,0,0,0,1,0,0,0,1,1,5,6
2,0,786.0,1000.0,-6.284,106.8,17000000000.0,0,0,0,0,0,0,1,0,0,0,1,1,7,7
0,0,92.0,128.0,-6.247,106.761,37000000.0,0,0,0,0,0,0,0,0,1,0,1,1,1,1
0,0,60.0,36.0,-6.244,106.776,490000020.0,0,0,1,0,1,0,1,0,1,0,1,1,1,2
0,0,193.0,200.0,-6.243,106.8,2300000000.0,0,0,0,0,0,0,0,0,0,0,1,1,3,5
0,0,60.0,36.0,-6.284,106.8,490000018.0,0,0,1,0,1,0,1,0,1,0,1,1,1,2
0,0,138.0,200.0,-6.284,106.8,2400000000.0,0,0,1,0,0,0,0,0,0,0,1,1,3,4
0,0,168.0,200.0,-6.247,106.761,2850000000.0,0,1,1,0,0,0,0,0,0,1,1,1,3,4
0,0,32.0,32.0,-6.244,106.776,450000174.0,0,0,0,0,0,0,0,0,0,0,2,2,1,1
0,0,127.0,200.0,-6.284,106.8,3500000000.0,0,0,1,0,0,0,0,0,0,0,1,1,5,5
0,1,997.0,110.0,-6.244,106.776,130000000.0,1,0,0,0,0,0,0,0,0,0,2,2,2,3
0,1,33.0,33.0,-6.289,106.839,3500000.0,0,0,0,0,0,1,0,0,0,0,2,1,1,2
0,0,105.0,320.0,-6.26,106.801,3250000000.0,0,0,0,0,0,0,1,0,0,0,1,1,4,6
0,1,197.0,166.0,-6.289,106.839,3851000000.0,0,0,1,0,1,1,1,0,0,0,1,1,3,4
0,0,43.0,43.0,-6.252,106.847,540000000.0,0,0,0,0,0,0,0,0,0,0,2,1,1,2
0,0,132.0,132.0,-6.252,106.847,2000000000.0,0,0,0,0,0,0,0,0,0,0,2,1,2,2
0,0,21.0,21.0,-6.247,106.761,3500000.0,0,0,0,0,0,0,0,0,0,0,2,3,1,1
0,0,34.0,34.0,-6.252,106.847,14000000.0,0,0,0,0,0,1,0,0,0,0,2,3,1,2
0,1,197.0,166.0,-6.289,106.839,3851000000.0,0,0,1,0,1,1,1,0,0,0,1,1,3,4
0,0,21.0,21.0,-6.252,106.847,350000000.0,0,0,0,0,0,1,0,0,0,0,2,3,1,1
2,0,224.0,400.0,-6.284,106.8,9500000000.0,0,0,1,0,1,0,0,0,0,0,1,1,4,5
0,0,33.0,33.0,-6.252,106.847,340000000.0,0,0,0,0,0,0,0,0,0,0,2,1,1,2
0,0,60.0,70.0,-6.284,106.8,1850000000.0,0,1,1,0,0,0,0,1,0,0,1,1,3,3
0,0,38.0,38.0,-6.247,106.761,299999999.0,0,0,1,0,0,1,0,0,0,1,2,1,1,2
0,1,36.0,36.0,-6.252,106.847,300000000.0,0,0,0,0,0,0,0,0,0,0,2,2,1,1
0,0,85.0,80.0,-6.284,106.8,3000000.0,0,0,0,0,0,0,0,0,0,0,1,3,2,2
3,0,1321.0,700.0,-6.243,106.8,60000000000.0,0,0,0,0,0,0,0,0,0,0,1,1,4,6
0,1,225.0,325.0,-6.284,106.8,6500000000.0,0,0,1,0,0,0,0,0,0,0,1,1,4,4
2,0,450.0,375.0,-6.243,106.8,12000000000.0,0,0,0,0,0,0,1,0,0,0,1,1,5,5
1,0,750.0,907.0,-6.289,106.839,25000000000.0,0,0,0,0,0,0,0,0,0,0,1,1,4,4
1,1,910.0,360.0,-6.243,106.8,21000000000.0,0,1,0,0,1,1,0,1,0,1,1,1,4,5
0,0,280.0,380.0,-6.244,106.776,4500000000.0,0,0,1,0,1,1,0,0,0,0,1,1,5,8
0,1,200.0,240.0,-6.289,106.839,90000000.0,0,0,0,0,0,0,1,1,0,0,1,2,5,4
0,1,307.0,307.0,-6.284,106.8,5000000000.0,0,0,0,0,0,1,0,0,0,0,1,1,10,10
0,0,115.0,165.0,-6.284,106.8,4500000000.0,0,1,0,0,1,1,0,0,1,0,1,1,5,5
0,0,253.0,400.0,-6.289,106.839,170000000.0,0,0,0,0,1,1,1,0,0,0,1,1,5,6
2,0,182.0,314.0,-6.252,106.847,7155165560.0,0,0,0,0,0,0,0,0,1,0,1,1,4,4
0,0,150.0,100.0,-6.247,106.761,1800000000.0,0,0,0,0,0,0,0,0,0,0,1,1,1,2
0,0,164.0,150.0,-6.289,106.839,4150000033.0,0,0,1,0,1,0,1,0,0,0,1,1,4,4
0,1,120.0,160.0,-6.284,106.8,2300000000.0,0,1,1,0,0,0,1,0,0,0,1,1,4,5
2,0,360.0,400.0,-6.244,106.776,9000000000.0,0,0,0,0,0,0,0,0,0,0,1,1,3,5
2,1,292.0,350.0,-6.284,106.8,6700000000.0,0,0,0,0,0,0,0,0,0,0,1,1,6,6
2,0,288.0,288.0,-6.244,106.776,12000000000.0,0,0,0,0,0,0,0,0,0,0,2,1,3,4
2,0,407.0,800.0,-6.284,106.8,14000000000.0,0,0,0,0,0,0,0,0,0,0,1,1,4,4
2,0,472.0,180.0,-6.289,106.839,7500000000.0,0,0,0,0,0,0,0,0,0,0,1,1,2,5
0,0,33.0,33.0,-6.252,106.847,328000000.0,0,0,0,0,0,0,0,0,0,0,2,1,1,2
2,0,288.0,288.0,-6.244,106.776,11500000000.0,0,0,0,0,0,0,0,0,0,0,2,1,3,3
0,0,81.0,135.0,-6.247,106.761,2565000000.0,0,1,1,1,0,0,0,0,1,1,1,1,4,4
0,0,26.0,26.0,-6.289,106.839,425000000.0,0,0,0,0,0,0,0,0,0,0,2,1,1,1
0,0,33.0,34.0,-6.252,106.847,2699999.0,0,0,0,0,0,0,0,0,0,0,2,1,1,2
0,1,60.0,120.0,-6.247,106.761,1100000000.0,0,1,1,0,0,0,1,0,0,0,1,1,2,3
0,0,91.0,91.0,-6.244,106.776,2600000000.0,0,0,0,0,0,0,0,0,0,0,2,1,2,2
0,1,60.0,30.0,-6.284,106.8,167888888.0,0,0,1,0,0,1,0,0,0,0,1,1,1,1
0,0,65.0,45.0,-6.25,106.82,295000000.0,0,0,1,0,1,0,0,0,1,0,1,1,1,2
0,0,136.0,136.0,-6.244,106.776,4600000000.0,0,0,0,0,0,0,0,0,0,0,2,1,2,2
2,0,501.0,250.0,-6.25,106.82,11000000000.0,0,0,0,0,1,0,1,0,0,0,1,1,2,3
0,0,101.0,130.0,-6.25,106.82,1399999999.0,0,0,0,0,1,0,1,0,0,0,1,1,2,3
0,0,35.0,35.0,-6.289,106.839,390000000.0,0,0,0,0,0,0,0,0,0,0,2,3,1,2
0,0,60.0,40.0,-6.284,106.8,350000000.0,0,0,0,0,0,0,0,0,0,0,1,1,1,2
0,0,32.0,32.0,-6.252,106.847,295000000.0,0,0,0,0,0,0,0,0,0,0,2,1,1,2
0,1,172.0,225.0,-6.289,106.839,2700000000.0,0,0,1,0,0,1,1,0,1,0,1,1,4,4
0,0,61.0,36.0,-6.25,106.82,450000009.0,0,1,1,0,1,0,1,0,1,0,1,1,1,2
2,0,216.0,400.0,-6.244,106.776,9000000000.0,0,0,0,0,0,0,1,0,0,0,1,1,3,4
0,0,137.0,45.0,-6.244,106.776,650000000.0,0,0,0,0,0,0,0,0,0,0,1,1,1,2
0,1,100.0,90.0,-6.284,106.8,60000000.0,0,0,1,0,1,1,1,0,0,0,1,1,2,3
0,0,37.0,37.0,-6.289,106.839,4000000.0,0,0,0,0,0,1,0,0,0,0,2,3,1,1
2,0,280.0,350.0,-6.243,106.8,9800000000.0,0,0,0,0,0,0,1,1,0,0,1,1,2,4
0,0,32.0,38.0,-6.247,106.761,598400000.0,0,0,0,0,0,0,0,0,1,0,1,1,2,2
0,0,171.0,1.0,-6.252,106.847,1454800000.0,0,0,0,0,0,0,0,0,0,0,1,1,3,5
0,1,130.0,160.0,-6.289,106.839,2700000000.0,0,0,1,0,1,1,1,0,0,0,1,1,3,4
0,0,66.0,33.0,-6.289,106.839,297500000.0,0,0,0,0,0,0,0,0,0,0,2,3,1,2
0,0,35.0,35.0,-6.252,106.847,2350000.0,0,0,0,0,0,1,0,0,0,0,2,1,1,2
0,0,240.0,200.0,-6.244,106.776,1100000000.0,0,0,0,0,0,0,1,0,0,0,1,1,5,5
0,1,180.0,160.0,-6.289,106.839,3000000000.0,0,0,1,0,1,1,1,0,0,0,1,1,3,4
0,1,72.0,40.0,-6.289,106.839,350000000.0,0,0,1,0,0,0,0,0,1,0,1,1,1,2
0,0,450.0,1.0,-6.244,106.776,5400900000.0,0,0,0,0,0,0,0,0,0,0,1,1,4,7
0,0,65.0,40.0,-6.289,106.839,430000000.0,0,0,0,0,0,0,0,0,0,0,1,1,1,2
0,0,60.0,65.0,-6.284,106.8,775000357.0,0,1,1,0,0,0,1,0,0,0,1,1,2,3
0,1,172.0,225.0,-6.289,106.839,2700000000.0,0,0,1,0,0,1,1,0,1,0,1,1,4,4
0,1,62.0,40.0,-6.284,106.8,450000000.0,0,1,0,0,1,0,0,0,0,1,1,1,1,2
2,0,680.0,700.0,-6.284,106.8,7500000000.0,0,0,0,0,0,0,0,0,0,0,1,1,5,6
0,0,34.0,36.0,-6.252,106.847,3600000.0,0,0,0,0,0,0,1,0,0,0,2,1,1,2
0,0,50.0,50.0,-6.252,106.847,29000000.0,0,0,0,0,0,0,0,0,0,0,1,3,1,3
2,0,281.0,350.0,-6.244,106.776,12500000000.0,0,0,0,0,0,0,1,0,0,0,1,1,5,5
0,1,56.0,68.0,-6.289,106.839,795000000.0,1,0,1,0,0,0,0,0,0,0,1,1,2,3
0,0,100.0,160.0,-6.243,106.8,1100000000.0,0,0,0,0,0,0,0,0,0,0,1,1,3,3
0,0,36.0,36.0,-6.25,106.82,725000000.0,0,0,1,0,0,0,0,0,0,0,2,2,1,1
1,0,716.0,1000.0,-6.244,106.776,43500000000.0,0,0,0,0,0,0,0,0,0,0,1,1,7,9
1,0,310.0,500.0,-6.284,106.8,36000000000.0,0,0,0,0,0,0,1,0,0,0,1,1,3,7
2,1,623.0,1100.0,-6.284,106.8,15000000000.0,0,0,0,0,0,1,1,0,0,0,1,1,5,10
0,0,3210.0,32.0,-6.252,106.847,297500000.0,0,0,0,0,0,0,0,0,0,0,2,3,1,2
0,1,65.0,68.0,-6.244,106.776,775000000.0,1,0,1,0,0,0,0,0,0,0,1,1,2,3
0,1,62.0,75.0,-6.289,106.839,775000000.0,1,1,1,0,0,0,1,0,0,0,1,1,2,3
0,1,60.0,75.0,-6.289,106.839,770000000.0,1,1,1,0,0,0,1,0,0,0,1,1,2,3
0,0,137.0,225.0,-6.289,106.839,2450000000.0,0,0,0,0,0,0,1,0,0,0,1,1,3,5
0,0,206.0,168.0,-6.289,106.839,2950000000.0,0,0,0,0,0,0,1,0,0,0,1,1,3,4
1,0,533.0,750.0,-6.244,106.776,36000000000.0,0,0,0,0,0,0,0,0,0,0,1,1,4,4
0,0,47.0,47.0,-6.284,106.8,1100000000.0,0,0,0,0,0,0,0,0,0,0,2,3,1,2
1,1,1080.0,650.0,-6.284,106.8,22000000000.0,0,1,1,0,0,1,1,0,0,0,1,1,5,7
1,0,1017.0,450.0,-6.284,106.8,30000000000.0,0,0,0,0,1,1,1,0,0,0,1,1,4,4
0,0,21.0,21.0,-6.289,106.839,10500000.0,0,0,0,0,0,1,0,0,0,0,2,3,1,1
0,0,76.0,60.0,-6.243,106.8,500000038.0,0,0,0,0,0,0,0,0,0,0,1,1,2,2
2,0,376.0,250.0,-6.284,106.8,9400000000.0,0,0,0,0,0,0,1,0,0,0,1,1,3,4
2,0,636.0,300.0,-6.244,106.776,12000000000.0,0,0,0,0,0,0,0,0,0,0,1,1,4,5
0,0,277.0,200.0,-6.284,106.8,4650000000.0,0,0,1,0,0,1,1,0,0,0,1,1,3,5
0,0,0.0,83.0,-6.284,106.8,14000000.0,0,0,0,0,0,1,0,0,0,0,2,3,2,3
0,0,0.0,83.0,-6.284,106.8,2400000000.0,0,0,0,0,0,1,0,0,0,0,2,3,2,3
1,1,1080.0,650.0,-6.284,106.8,22000000000.0,0,1,1,0,0,1,1,0,0,0,1,1,5,7
2,1,508.0,650.0,-6.284,106.8,13000000000.0,0,1,1,1,0,1,1,0,0,0,1,1,5,8
0,0,323.0,180.0,-6.247,106.761,2700000000.0,0,0,0,0,0,0,0,0,0,0,1,1,2,3
0,0,50.0,50.0,-6.252,106.847,749900000.0,0,0,0,0,0,0,0,0,0,0,2,1,1,3
0,0,21.0,21.0,-6.252,106.847,21000000.0,0,0,0,0,0,0,0,0,0,0,2,1,1,1
0,0,33.0,33.0,-6.252,106.847,150000.0,0,0,0,0,0,0,0,0,0,0,2,2,1,2
0,0,201.0,400.0,-6.252,106.847,3000000000.0,0,0,0,0,1,0,1,0,0,0,1,1,3,4
0,0,149.0,80.0,-6.289,106.839,70000000.0,0,0,0,0,1,1,1,0,0,1,1,1,1,3
0,0,400.0,600.0,-6.284,106.8,5500000000.0,0,0,0,0,0,0,0,0,0,0,1,1,5,6
0,0,82.0,36.0,-6.244,106.776,583921000.0,0,0,1,0,0,0,0,0,1,0,1,1,1,2
0,0,35.0,35.0,-6.253,106.847,3350000.0,0,0,0,0,0,0,0,0,0,0,2,2,1,2
0,1,107.0,182.0,-6.289,106.839,2850000000.0,0,1,1,0,1,1,1,0,1,0,1,1,3,4
0,1,92.0,156.0,-6.289,106.839,2750000000.0,0,1,1,0,1,1,1,0,1,0,1,1,3,4
0,0,38.0,38.0,-6.244,106.776,600000000.0,0,0,0,0,0,0,0,0,0,0,2,3,1,2
2,0,308.0,400.0,-6.284,106.8,12000000000.0,0,0,0,0,0,0,0,0,0,0,1,1,5,6
0,1,225.0,400.0,-6.284,106.8,5500000000.0,0,0,0,0,0,1,0,0,0,0,1,1,3,6
0,0,300.0,260.0,-6.284,106.8,3900000000.0,0,1,0,0,0,0,0,0,0,0,1,1,3,5
0,0,26.0,26.0,-6.289,106.839,2900000.0,0,0,0,0,0,0,0,0,0,0,2,1,1,1
0,0,22.0,22.0,-6.247,106.761,30000000.0,0,0,1,0,0,0,0,0,0,0,2,1,1,1
0,0,135.0,135.0,-6.244,106.776,3800000000.0,0,1,1,0,1,1,0,0,0,0,2,2,2,2
0,0,300.0,250.0,-6.243,106.8,200000000.0,0,0,0,0,0,0,1,0,0,0,1,3,3,7
0,0,30.0,30.0,-6.244,106.776,270000000.0,0,0,0,0,0,0,0,0,0,0,1,1,1,2
0,0,298.0,400.0,-6.243,106.8,350000000.0,0,0,0,0,0,0,1,0,0,0,1,3,4,5
0,0,78.0,69.0,-6.25,106.82,1299999999.0,0,0,1,0,0,1,0,0,0,0,1,1,2,2
2,1,567.0,300.0,-6.284,106.8,13000000000.0,0,0,0,0,0,0,0,0,0,0,1,1,2,3
2,0,631.0,758.0,-6.284,106.8,16000000000.0,0,0,0,0,0,0,0,0,0,0,1,1,4,4
0,0,218.0,150.0,-6.243,106.8,280000000.0,0,0,0,0,0,0,0,0,0,0,1,3,4,4
0,1,100.0,150.0,-6.289,106.839,2200000000.0,0,1,1,0,1,1,1,0,0,0,1,1,4,4
1,0,2723.0,900.0,-6.25,106.82,45000000000.0,0,0,0,0,1,0,1,1,0,0,1,1,9,7
0,1,100.0,80.0,-6.243,106.8,5500000.0,0,0,0,0,0,0,0,0,0,0,1,1,2,2
0,0,60.0,60.0,-6.247,106.761,1600000000.0,0,0,0,0,0,0,0,0,0,0,2,1,1,2
0,0,350.0,250.0,-6.243,106.8,350000000.0,0,0,0,0,0,0,1,0,0,0,1,3,2,3
2,0,119.0,350.0,-6.244,106.776,12500000000.0,0,0,0,0,0,0,1,0,0,0,1,1,5,5
0,0,500.0,350.0,-6.243,106.8,325000000.0,0,0,0,0,0,0,0,0,0,0,1,3,3,3
0,1,217.0,130.0,-6.244,106.776,3950000000.0,1,1,1,1,0,1,1,0,1,0,1,1,3,3
0,0,33.0,33.0,-6.252,106.847,150000.0,0,0,0,0,0,0,0,0,0,0,2,2,1,2
0,0,1025.0,427.0,-6.284,106.8,750000000.0,0,0,0,0,0,0,0,0,0,0,1,3,5,5
0,0,410.0,300.0,-6.244,106.776,500000000.0,0,0,0,0,0,0,1,1,0,0,1,2,3,5
0,0,119.0,140.0,-6.247,106.761,2200000000.0,0,0,1,0,0,0,1,0,0,0,1,1,4,4
0,0,312.0,240.0,-6.284,106.8,600000000.0,0,0,0,0,0,0,0,0,0,0,1,3,4,4
0,0,50.0,50.0,-6.25,106.82,950000000.0,0,0,0,0,0,0,1,0,0,0,1,1,1,2
0,0,410.0,540.0,-6.244,106.776,500000000.0,0,0,0,0,0,0,1,1,0,0,1,3,3,5
0,0,20.0,20.0,-6.284,106.8,460000000.0,0,0,0,0,0,0,0,0,0,0,2,2,1,1
0,0,33.0,33.0,-6.252,106.847,305000000.0,0,0,0,0,0,0,0,0,0,0,2,1,1,2
3,0,1346.0,800.0,-6.243,106.8,59999999999.0,0,0,0,0,0,0,0,0,0,0,1,1,3,3
0,0,30.0,33.0,-6.289,106.839,300000.0,0,0,0,0,0,0,0,0,0,0,2,3,1,1
0,0,32.0,32.0,-6.252,106.847,250000.0,0,0,0,0,0,0,0,0,0,0,2,3,1,2
0,0,31.0,31.0,-6.252,106.847,150000.0,0,0,0,0,0,1,0,0,0,0,2,3,1,1
2,0,550.0,350.0,-6.244,106.776,7600000000.0,0,0,0,0,0,0,1,0,0,0,1,1,5,7
2,0,550.0,355.0,-6.244,106.776,7800000000.0,0,0,0,0,0,0,1,0,0,0,1,1,5,7
0,0,20.0,20.0,-6.252,106.847,200000.0,0,0,0,0,0,0,0,0,0,0,2,3,1,1
0,0,30.0,30.0,-6.252,106.847,150000.0,0,0,0,0,0,0,0,0,0,0,2,3,1,2
0,0,20.0,18.0,-6.252,106.847,150000.0,0,0,0,0,0,1,0,0,0,0,2,3,1,1
0,0,3981.0,23.0,-6.252,106.847,327499990.0,0,0,0,0,0,0,0,0,0,0,2,1,1,1
0,0,20.0,20.0,-6.252,106.847,1500000.0,0,0,0,0,0,0,0,0,0,0,1,1,1,1
2,0,550.0,350.0,-6.244,106.776,7700000000.0,0,0,0,0,0,0,1,0,0,0,1,1,5,7
0,1,33.0,33.0,-6.252,106.847,380000000.0,0,0,0,0,0,0,0,0,0,0,2,1,1,1
0,0,60.0,60.0,-6.243,106.8,35000000.0,0,0,0,0,0,0,0,0,0,0,1,1,1,2
0,0,134.0,130.0,-6.289,106.839,2800000000.0,0,0,0,0,0,0,0,1,0,0,1,1,3,3
0,0,60.0,40.0,-6.284,106.8,275000000.0,0,0,0,0,1,0,1,0,1,0,1,1,1,2
2,1,120.0,146.0,-6.284,106.8,12000000000.0,0,0,0,0,0,0,0,0,0,0,1,1,3,4
0,1,61.0,40.0,-6.244,106.776,325000003.0,0,0,1,0,0,0,0,0,1,0,1,1,1,2
0,0,33.0,33.0,-6.252,106.847,150000.0,0,0,0,0,0,0,0,0,0,0,2,2,1,2
0,0,42.0,40.0,-6.289,106.839,350000000.0,0,0,0,0,0,0,1,0,0,0,1,1,1,2
0,1,135.0,185.0,-6.289,106.839,3500000000.0,0,0,0,0,0,0,1,0,0,0,1,1,3,5
1,0,580.0,250.0,-6.243,106.8,29500000000.0,0,0,0,0,0,0,0,1,0,0,1,1,4,6
0,1,1000.0,127.0,-6.244,106.776,2500000000.0,0,0,0,0,0,1,0,0,0,0,2,2,2,3
0,0,134.0,137.0,-6.284,106.8,5800000000.0,0,0,0,0,0,1,1,0,0,0,1,1,4,4
0,0,21.0,21.0,-6.25,106.82,256363910.0,0,0,0,0,1,0,0,0,0,0,2,1,1,1
0,0,500.0,1.0,-6.284,106.8,6435600000.0,0,0,0,0,0,0,0,0,0,0,1,1,5,8
0,0,148.0,246.0,-6.244,106.776,5700000000.0,0,0,1,0,0,1,1,0,1,0,1,2,3,4
0,0,45.0,45.0,-6.244,106.776,6000000.0,0,0,0,0,0,0,1,0,0,0,2,1,1,2
0,0,96.0,96.0,-6.244,106.776,4600000000.0,0,0,0,0,0,1,0,0,0,0,2,3,2,2
0,0,110.0,110.0,-6.244,106.776,15000000.0,0,0,0,0,0,0,0,0,0,0,2,3,2,2
0,0,72.0,72.0,-6.252,106.847,1100000000.0,0,0,1,0,0,1,1,0,0,1,1,1,2,3
2,0,1200.0,1000.0,-6.289,106.839,17600000000.0,0,1,1,0,1,1,0,0,0,1,1,1,10,10
0,0,70.0,40.0,-6.284,106.8,300000000.0,0,0,0,0,0,0,0,0,0,0,1,1,1,2
0,0,70.0,40.0,-6.244,106.776,312000000.0,0,0,0,0,0,0,0,0,0,0,1,1,1,2
0,1,66.0,45.0,-6.289,106.839,515000000.0,0,0,0,0,0,0,0,0,0,0,1,1,1,2
2,0,367.0,550.0,-6.243,106.8,6900000000.0,0,0,0,0,0,0,0,0,1,0,1,1,4,7
0,0,185.0,400.0,-6.244,106.776,3475000000.0,0,1,1,0,0,1,1,0,0,0,1,1,3,6
2,1,585.0,500.0,-6.284,106.8,14500000000.0,0,0,0,0,1,0,1,1,0,0,1,1,5,7
0,1,28.0,28.0,-6.252,106.847,622673000.0,0,0,1,0,0,1,0,0,0,0,2,2,1,1
0,0,35.0,35.0,-6.252,106.847,4000000.0,0,0,0,0,0,1,0,0,0,0,2,2,1,2
0,0,3600.0,42.0,-6.289,106.839,6500000.0,0,0,0,0,0,0,0,0,0,0,2,1,1,1
0,0,50.0,50.0,-6.252,106.847,749900000.0,0,0,0,0,0,0,0,0,0,0,2,1,1,3
0,0,23000.0,22.0,-6.284,106.8,300000000.0,0,0,0,0,0,0,0,0,0,0,2,1,1,1
0,1,91.0,101.0,-6.289,106.839,1444000025.0,0,0,1,1,0,1,1,0,0,0,1,1,2,3
2,1,487.0,400.0,-6.247,106.761,8500000000.0,0,1,1,0,0,1,0,0,0,0,1,1,5,7
0,1,238.0,300.0,-6.284,106.8,6600000000.0,0,0,0,0,1,1,1,0,1,0,1,1,4,4
0,1,195.0,165.0,-6.289,106.839,3850000000.0,0,1,1,0,1,0,1,0,1,0,1,1,4,4
2,1,240.0,400.0,-6.284,106.8,8500000000.0,0,0,1,0,1,1,1,0,1,0,1,1,3,3
2,0,230.0,230.0,-6.243,106.8,7500000000.0,0,1,0,0,0,0,0,0,0,0,1,1,3,5
2,0,436.0,300.0,-6.284,106.8,11000000000.0,0,0,1,0,1,0,1,1,0,0,1,1,4,5
0,0,25.0,25.0,-6.289,106.839,77000.0,0,0,0,0,0,0,0,0,0,0,2,2,1,1
0,0,250.0,200.0,-6.243,106.8,4750000000.0,0,0,0,0,0,0,0,0,0,0,1,1,2,2
0,0,33.0,33.0,-6.252,106.847,150000.0,0,0,0,0,0,0,0,0,0,0,2,2,1,2
0,0,35.0,35.0,-6.252,106.847,998000000.0,0,0,0,0,0,0,0,0,0,0,2,1,1,1
0,1,45.0,45.0,-6.243,106.8,25000000.0,0,0,0,0,0,0,0,0,0,0,1,1,1,1
0,0,34.0,34.0,-6.252,106.847,397000000.0,0,0,0,0,0,1,0,0,0,0,2,1,1,2
0,0,17.0,21.0,-6.244,106.776,300000000.0,1,1,0,1,0,1,0,0,0,0,2,1,1,1
0,0,333.0,194.0,-6.289,106.839,4500000000.0,0,0,0,0,0,0,0,0,0,0,1,1,1,2
0,0,95.0,95.0,-6.244,106.776,20000000.0,0,0,0,0,0,1,0,0,0,0,2,2,3,2
0,0,64.0,40.0,-6.25,106.82,320000200.0,0,0,0,0,0,0,0,0,0,0,1,1,1,2
2,0,304.0,258.0,-6.244,106.776,9500000000.0,0,1,0,0,0,1,0,0,0,0,1,1,4,5
0,0,115.0,30.0,-6.284,106.8,550000000.0,0,0,0,0,0,0,0,0,0,0,1,1,1,2
2,1,585.0,500.0,-6.284,106.8,14000000000.0,0,1,1,0,1,0,1,1,0,0,1,1,4,5
2,0,700.0,700.0,-6.284,106.8,11000000000.0,0,0,0,0,0,0,0,0,0,0,1,1,5,5
0,1,0.0,133.0,-6.284,106.8,600000000.0,0,0,0,0,0,1,0,1,0,0,2,2,3,4
0,0,300.0,200.0,-6.284,106.8,110000000.0,0,0,0,0,0,0,1,0,0,0,1,1,3,4
0,1,230.0,331.0,-6.284,106.8,6000000000.0,0,0,0,0,0,1,0,0,0,0,1,1,4,6
0,1,307.0,307.0,-6.284,106.8,5000000000.0,0,0,0,0,0,1,0,0,0,0,1,1,10,10
0,0,33.0,33.0,-6.252,106.847,363000000.0,0,0,0,0,0,1,0,0,0,0,2,1,1,2
0,1,260.0,240.0,-6.289,106.839,4900000000.0,0,0,0,0,1,0,1,0,0,0,1,1,3,3
1,0,1205.0,600.0,-6.244,106.776,38000000000.0,0,0,0,0,0,0,0,0,0,0,1,1,4,4
0,0,95.0,117.0,-6.244,106.776,2700000000.0,0,0,0,0,0,0,1,0,0,0,1,1,3,3
0,0,85.0,60.0,-6.247,106.761,475000018.0,0,0,0,0,0,0,1,0,1,0,1,1,1,2
0,0,145.0,300.0,-6.252,106.847,4000000000.0,0,0,0,0,0,0,1,0,0,0,1,1,5,5
0,1,35.0,35.0,-6.252,106.847,395000000.0,0,0,0,0,0,1,0,0,0,0,2,1,1,2
2,0,398.0,299.0,-6.244,106.776,10000000000.0,0,0,0,0,0,0,1,0,0,0,1,1,5,6
0,0,138.0,200.0,-6.284,106.8,180000000.0,0,0,0,0,1,0,0,0,0,0,1,1,3,4
0,0,24.0,24.0,-6.289,106.839,3500000.0,0,0,0,0,0,0,0,0,0,0,2,1,1,1
0,0,38.0,80.0,-6.252,106.847,760000000.0,0,0,0,0,0,0,1,0,0,0,1,1,2,3
0,1,80.0,80.0,-6.284,106.8,3000000.0,0,1,0,0,0,0,1,0,0,0,1,1,1,2
2,0,228.0,401.0,-6.243,106.8,10000000000.0,0,0,0,0,0,1,1,1,0,0,1,1,4,5
1,0,1438.0,500.0,-6.284,106.8,24900000000.0,0,0,0,0,0,0,1,0,0,0,1,1,4,6
1,0,505.0,525.0,-6.243,106.8,35000000000.0,0,0,0,0,0,0,0,0,0,0,1,1,4,4
0,0,80.0,80.0,-6.244,106.776,21478475.0,0,0,0,0,0,0,0,0,0,0,2,2,1,1
0,0,70.0,100.0,-6.289,106.839,550000000.0,0,0,0,0,1,0,0,0,0,0,1,3,2,3
0,1,75.0,140.0,-6.289,106.839,790000000.0,0,1,1,0,0,0,0,0,0,0,1,1,2,3
0,0,108.0,180.0,-6.289,106.839,2750000000.0,0,0,0,0,0,0,0,0,1,0,1,1,4,4
0,0,80.0,80.0,-6.244,106.776,4750000000.0,0,0,0,0,0,0,0,0,0,0,2,2,1,1
1,0,505.0,525.0,-6.243,106.8,35000000000.0,0,0,0,0,0,0,0,0,0,0,1,1,5,5
0,0,4600.0,30.0,-6.25,106.82,330000000.0,1,0,1,0,0,1,0,0,0,0,2,1,1,1
0,0,70.0,70.0,-6.244,106.776,7500000.0,0,0,0,0,0,1,0,0,0,0,2,2,2,3
0,0,70.0,70.0,-6.244,106.776,1349999999.0,0,0,1,0,0,0,0,0,0,0,2,3,2,3
0,0,85.0,60.0,-6.289,106.839,475000017.0,0,0,0,0,0,0,1,0,1,0,1,1,2,2
1,0,550.0,900.0,-6.243,106.8,35000000000.0,0,0,0,0,0,0,0,0,0,0,1,1,5,5
0,1,36.0,36.0,-6.243,106.8,455000000.0,0,0,1,0,0,1,0,0,0,1,2,3,1,2
0,0,500.0,50.0,-6.243,106.8,3500000.0,0,0,0,0,0,0,1,0,0,0,1,1,2,2
0,0,35.0,35.0,-6.252,106.847,3100000.0,0,0,0,0,0,0,0,0,0,0,2,1,1,2
2,0,518.0,450.0,-6.284,106.8,17500000000.0,0,0,0,0,0,0,0,0,0,0,1,1,6,8
2,0,962.0,200.0,-6.284,106.8,20000000000.0,0,0,0,0,1,0,1,0,0,0,1,1,4,7
1,0,1158.0,540.0,-6.284,106.8,25000000000.0,0,0,0,0,1,0,1,1,0,0,1,1,4,7
0,0,290.0,320.0,-6.289,106.839,5000000000.0,0,0,0,0,1,0,0,1,0,0,1,1,4,7
2,0,378.0,350.0,-6.284,106.8,10500000000.0,0,0,0,0,0,0,0,0,0,0,1,1,3,6
2,0,520.0,395.0,-6.252,106.847,15000000000.0,0,0,0,0,0,0,1,0,0,0,1,1,5,9
2,0,647.0,400.0,-6.284,106.8,12500000000.0,0,0,0,0,0,0,0,0,0,0,1,1,7,10
0,0,135.0,80.0,-6.284,106.8,900000000.0,0,0,0,0,0,0,0,0,0,0,1,3,1,2
2,0,460.0,500.0,-6.25,106.82,11000000000.0,0,0,0,0,1,0,1,0,0,0,1,2,4,8
0,0,60.0,30.0,-6.243,106.8,160000000.0,0,0,0,0,0,0,0,0,0,0,1,2,1,2
2,0,786.0,1000.0,-6.25,106.82,17000000000.0,0,0,0,0,0,0,1,0,0,0,1,1,6,7
2,0,500.0,350.0,-6.25,106.82,12500000000.0,0,0,0,0,0,0,0,0,0,0,1,1,4,5
0,0,22.0,22.0,-6.247,106.761,392000000.0,0,0,0,0,0,0,0,0,0,0,2,2,1,1
2,0,1000.0,300.0,-6.244,106.776,12000000000.0,0,0,1,0,0,0,0,0,0,0,1,1,3,4
0,0,33.0,33.0,-6.252,106.847,338000000.0,0,0,0,0,0,0,0,0,0,0,2,1,1,2
0,0,91.0,160.0,-6.284,106.8,1545000000.0,0,0,1,0,1,0,1,0,1,0,1,1,4,4
0,1,138.0,138.0,-6.243,106.8,28000000.0,0,0,0,0,0,0,0,0,0,0,2,3,2,2
2,1,400.0,870.0,-6.284,106.8,9715000000.0,0,0,1,0,1,0,0,0,0,0,1,1,3,4
0,1,47.0,60.0,-6.252,106.847,550000000.0,0,0,0,0,1,0,0,0,0,0,1,3,1,4
0,0,90.0,180.0,-6.247,106.761,2200000000.0,0,0,1,0,0,1,0,0,1,0,1,1,3,5
2,1,378.0,350.0,-6.284,106.8,9000000000.0,0,1,0,0,0,0,0,1,0,0,1,1,4,6
0,0,90.0,36.0,-6.289,106.839,643900000.0,0,0,0,0,0,0,0,0,0,0,1,1,1,2
0,0,33.0,33.0,-6.252,106.847,150000.0,0,0,0,0,0,0,0,0,0,0,2,2,1,2
0,0,161.0,320.0,-6.289,106.839,4600000000.0,0,0,1,0,0,0,1,0,0,0,1,1,5,6
0,0,125.0,140.0,-6.289,106.839,2500000000.0,0,0,1,0,0,0,1,0,1,0,1,1,4,4
0,1,23.0,23.0,-6.243,106.8,3250000.0,0,0,0,0,0,0,0,0,0,0,2,3,1,1
0,0,215.0,110.0,-6.247,106.761,2800000000.0,0,0,0,0,0,0,0,0,0,0,1,1,2,3
0,0,80.0,58.0,-6.243,106.8,1269000000.0,0,0,1,0,0,0,0,0,0,0,1,3,2,2
0,0,66.0,55.0,-6.247,106.761,680000000.0,0,0,0,0,0,0,0,0,0,0,1,2,2,3
0,0,69.0,72.0,-6.247,106.761,985000000.0,0,0,1,0,0,0,0,0,0,0,1,1,2,3
2,0,518.0,600.0,-6.244,106.776,13500000000.0,0,0,0,0,1,0,1,0,0,0,1,1,6,6
2,0,1330.0,900.0,-6.284,106.8,14500000000.0,0,0,0,0,0,0,0,0,0,0,1,1,5,8
0,0,272.0,260.0,-6.244,106.776,5700000000.0,0,0,0,0,1,0,0,0,0,0,1,1,4,6
0,1,168.0,168.0,-6.252,106.847,4300000000.0,1,1,1,0,0,1,0,0,0,1,2,3,2,3
0,1,22.0,22.0,-6.289,106.839,350000000.0,0,0,1,0,0,1,1,0,0,0,2,1,1,1
0,0,230.0,330.0,-6.289,106.839,6000000000.0,0,0,0,0,0,0,1,0,0,0,1,1,6,6
2,0,668.0,500.0,-6.25,106.82,16900000000.0,0,0,0,0,0,0,0,1,0,0,1,1,5,6
0,0,234.0,23.0,-6.252,106.847,327500000.0,0,0,0,0,0,0,0,0,0,0,2,1,1,1
0,0,89.0,89.0,-6.243,106.8,2500000000.0,0,0,0,0,0,0,0,0,0,0,2,1,3,3
0,1,72.0,52.0,-6.243,106.8,629000000.0,1,0,1,0,1,1,0,0,1,0,1,2,2,2
0,0,117.0,120.0,-6.244,106.776,2200000000.0,0,0,1,0,1,0,0,0,0,0,1,1,4,4
0,1,119.0,238.0,-6.284,106.8,2000000000.0,1,1,1,0,0,1,1,0,0,1,1,2,2,3
0,0,33.0,33.0,-6.252,106.847,338000000.0,0,0,0,0,0,0,0,0,0,0,2,1,1,2
0,0,300.0,200.0,-6.289,106.839,3200000000.0,0,0,0,0,0,0,0,0,0,0,1,1,4,5
0,1,60.0,48.0,-6.247,106.761,600000000.0,0,1,1,0,0,0,0,0,1,0,1,1,2,3
0,1,85.0,95.0,-6.289,106.839,925000000.0,0,0,1,0,1,1,1,0,0,0,1,1,2,4
0,0,81.0,35.0,-6.244,106.776,588000000.0,0,0,1,0,0,0,0,0,1,0,1,1,1,2
0,0,43.0,43.0,-6.289,106.839,3800000.0,0,0,0,0,0,0,0,0,0,0,2,3,1,2
1,0,973.0,1100.0,-6.25,106.82,29000000000.0,0,0,0,0,0,0,1,1,0,0,1,1,4,4
0,1,85.0,45.0,-6.244,106.776,564000000.0,1,0,1,0,0,0,0,0,0,0,1,1,1,2
0,0,72.0,46.0,-6.284,106.8,385000008.0,0,1,0,0,0,0,0,0,0,0,1,1,2,2
2,1,306.0,305.0,-6.284,106.8,11000000000.0,0,0,0,0,0,0,0,0,0,0,1,1,10,10
0,0,25.0,25.0,-6.252,106.847,312500000.0,0,0,0,0,0,0,0,0,0,0,2,3,1,1
0,0,4000.0,31.0,-6.289,106.839,580000000.0,0,0,0,0,0,0,0,0,0,0,2,2,1,1
0,0,95.0,125.0,-6.247,106.761,2400000000.0,0,0,1,0,0,0,0,1,0,0,1,1,3,4
0,0,163.0,350.0,-6.284,106.8,2750000000.0,0,1,0,0,0,0,1,0,0,1,1,1,5,10
0,1,33.0,33.0,-6.252,106.847,300000.0,0,0,0,0,0,1,0,0,0,0,2,3,1,2
0,0,22.0,22.0,-6.247,106.761,36000000.0,0,0,1,0,0,0,0,0,0,0,2,3,1,1
0,1,99.0,160.0,-6.252,106.847,1150000000.0,1,0,1,0,1,0,1,0,0,0,1,1,3,3
0,1,88.0,135.0,-6.289,106.839,1800000000.0,1,1,1,0,1,0,0,0,1,0,1,1,3,3
0,0,76.0,100.0,-6.284,106.8,1550000000.0,0,0,0,0,1,0,0,0,1,0,1,1,3,4
0,0,30.0,30.0,-6.244,106.776,48000000.0,0,0,0,0,0,0,0,0,0,0,2,2,1,1
0,1,50.0,50.0,-6.25,106.82,455000000.0,0,0,1,0,1,0,0,0,0,0,1,3,1,2
0,0,179.0,250.0,-6.247,106.761,4000000000.0,0,0,0,0,0,0,0,0,0,0,1,1,4,4
0,0,73.0,61.0,-6.243,106.8,700000000.0,0,0,0,0,0,0,0,0,1,0,1,1,2,3
0,0,35.0,35.0,-6.252,106.847,475000000.0,0,0,0,0,0,0,0,0,0,0,2,1,1,2
0,0,7.0,67.0,-6.25,106.82,742000000.0,1,1,1,0,0,0,1,0,0,0,1,1,3,2
0,0,150.0,150.0,-6.284,106.8,2500000.0,0,0,0,0,0,0,0,0,0,0,1,1,1,2
0,1,33.0,33.0,-6.252,106.847,300000.0,0,0,0,0,0,1,0,0,0,0,2,3,1,2
0,0,10000.0,136.0,-6.284,106.8,300000000.0,0,0,0,0,0,0,0,0,0,0,2,2,2,3
0,0,235.0,400.0,-6.247,106.761,6500000000.0,0,0,0,0,0,0,0,0,0,0,1,1,3,6
0,1,42.0,42.0,-6.243,106.8,600000005.0,0,0,1,0,0,0,0,0,0,0,2,1,1,4
3,0,814.0,827.0,-6.243,106.8,85000000000.0,0,0,0,0,0,0,0,0,0,0,1,1,5,5
0,0,77.0,72.0,-6.289,106.839,650000000.0,0,0,0,0,0,0,0,0,0,0,1,1,2,3
0,0,209.0,250.0,-6.247,106.761,3900000000.0,0,0,0,0,0,0,0,0,0,0,1,1,4,5
0,0,180.0,200.0,-6.247,106.761,3200000000.0,0,0,0,0,0,0,0,0,0,1,1,1,3,4
2,1,529.0,820.0,-6.247,106.761,17500000000.0,0,1,1,0,0,1,0,0,0,1,1,1,4,5
0,1,336.0,180.0,-6.284,106.8,3700000000.0,0,1,1,1,1,0,0,0,0,1,1,1,2,4
2,0,914.0,520.0,-6.243,106.8,18000000000.0,0,0,0,0,0,0,0,0,0,0,1,1,2,3
0,0,29.0,29.0,-6.25,106.82,1130000000.0,0,0,0,0,0,0,0,0,0,0,1,3,1,1
2,0,200.0,240.0,-6.243,106.8,19000000000.0,0,0,0,0,1,0,1,0,0,0,1,1,3,3
0,0,320.0,33.0,-6.252,106.847,340000000.0,0,0,0,0,0,0,0,0,0,0,2,1,1,2
0,1,254.0,238.0,-6.284,106.8,5300000000.0,0,1,0,0,0,0,0,0,0,1,1,1,4,5
3,0,1346.0,800.0,-6.243,106.8,59999999999.0,0,0,0,0,0,0,0,0,0,0,1,1,3,3
0,1,99.0,85.0,-6.247,106.761,990000000.0,0,0,1,0,1,0,0,0,0,0,1,1,1,2
0,1,106.0,150.0,-6.284,106.8,2100000000.0,0,1,1,0,0,1,1,0,0,1,1,1,4,4
2,0,266.0,300.0,-6.284,106.8,6800000000.0,0,0,0,0,0,0,1,0,0,0,1,1,3,3
2,0,431.0,500.0,-6.25,106.82,17500000000.0,0,0,0,0,0,0,0,1,1,0,1,1,3,4
2,0,347.0,270.0,-6.243,106.8,11000000000.0,0,0,0,0,1,0,1,0,0,0,1,1,3,4
2,0,1020.0,1.0,-6.252,106.847,16269000000.0,0,0,0,0,0,0,0,0,0,0,1,1,5,8
2,0,452.0,500.0,-6.284,106.8,9500000000.0,0,1,0,0,0,0,1,0,0,0,1,1,2,4
0,0,150.0,120.0,-6.243,106.8,70000000.0,0,0,0,0,0,0,0,1,0,0,1,1,2,3
0,0,165.0,1.0,-6.243,106.8,1927310000.0,0,0,0,0,0,0,0,0,0,0,1,1,3,6
0,0,118.0,130.0,-6.25,106.82,4350000000.0,0,0,0,0,1,0,0,0,1,0,1,1,4,4
2,0,336.0,250.0,-6.284,106.8,8500000000.0,0,0,0,0,0,0,0,0,0,0,1,3,2,3
0,1,185.0,271.0,-6.289,106.839,4700000000.0,0,0,1,0,1,0,1,0,0,0,1,1,5,5
0,0,228.0,100.0,-6.289,106.839,1600000000.0,0,0,0,0,0,0,1,0,0,0,1,1,3,6
0,0,134.0,130.0,-6.289,106.839,2800000000.0,0,0,0,0,0,0,0,1,0,0,1,1,3,3
2,0,240.0,300.0,-6.244,106.776,9000000000.0,0,1,1,0,0,0,0,0,0,0,1,1,5,7
1,0,770.0,621.0,-6.244,106.776,24000000000.0,0,0,1,0,0,0,1,0,0,0,1,1,3,4
0,0,49.0,200.0,-6.244,106.776,3400000000.0,0,0,0,0,0,0,0,0,1,0,1,1,4,4
0,0,140.0,355.0,-6.243,106.8,5900000000.0,0,1,1,0,0,1,0,0,0,0,1,1,4,5
0,0,149.0,225.0,-6.25,106.82,4800000000.0,0,0,0,0,0,0,0,0,0,0,1,1,3,5
0,0,191.0,375.0,-6.244,106.776,5800000000.0,0,1,0,0,0,1,1,0,0,0,1,1,7,7
0,0,85.0,190.0,-6.284,106.8,3600000000.0,0,0,0,0,0,1,1,0,0,0,1,1,4,4
2,0,157.0,433.0,-6.284,106.8,8500000000.0,0,0,0,0,1,1,0,0,0,0,1,1,4,4
2,0,1028.0,200.0,-6.284,106.8,13878000000.0,0,0,0,0,1,0,1,0,0,0,1,1,2,2
0,0,119.0,149.0,-6.243,106.8,2800000000.0,0,1,0,0,0,0,1,0,1,1,1,1,3,3
1,0,983.0,400.0,-6.284,106.8,24000000000.0,0,0,0,0,1,1,0,0,0,0,1,1,3,4
1,0,330.0,750.0,-6.243,106.8,35000000000.0,0,0,0,0,1,1,0,0,0,0,1,1,5,4
0,0,122.0,220.0,-6.289,106.839,2900000000.0,1,0,1,0,1,0,1,0,1,0,1,1,4,4
0,1,200.0,450.0,-6.289,106.839,5500000000.0,0,1,0,0,1,1,1,0,0,0,1,1,6,5
0,0,17.0,21.0,-6.244,106.776,300000000.0,1,1,0,1,0,1,0,0,0,0,2,1,1,1
0,0,40.0,40.0,-6.244,106.776,250000000.0,0,0,0,0,0,0,0,0,0,0,1,3,1,1
0,0,33.0,33.0,-6.252,106.847,150000.0,0,0,0,0,0,0,0,0,0,0,2,2,1,2
2,0,250.0,400.0,-6.244,106.776,9000000000.0,0,1,1,0,0,0,0,0,0,1,1,1,2,2
2,0,895.0,420.0,-6.289,106.839,12500000000.0,1,1,1,0,1,0,1,0,0,0,1,1,5,7
2,0,780.0,500.0,-6.243,106.8,19750000000.0,0,1,1,0,0,0,0,0,0,1,1,1,5,5
2,0,368.0,500.0,-6.284,106.8,6800000000.0,0,0,0,0,0,0,0,0,0,0,1,1,6,6
0,1,272.0,225.0,-6.247,106.761,6000000000.0,0,1,0,0,0,0,0,0,0,1,1,3,4,5
2,1,209.0,700.0,-6.243,106.8,18000000000.0,0,0,0,0,0,0,0,0,0,0,1,1,2,2
0,0,154.0,200.0,-6.247,106.761,3100000000.0,0,0,0,0,0,0,0,0,1,0,1,1,4,4
1,0,985.0,380.0,-6.289,106.839,27000000000.0,0,0,0,0,0,0,1,0,0,0,1,1,3,3
0,0,70.0,100.0,-6.244,106.776,1900000000.0,0,0,0,0,0,0,0,0,0,0,1,1,9,9
0,1,60.0,38.0,-6.244,106.776,395000000.0,0,0,1,0,0,0,0,0,0,0,1,1,1,2
0,0,21.0,20.0,-6.252,106.847,2700000.0,0,0,0,0,0,0,0,0,0,0,2,3,1,1
0,0,30.0,30.0,-6.252,106.847,549000000.0,0,0,0,0,0,0,0,0,0,0,2,1,1,1
0,0,91.0,170.0,-6.289,106.839,1600000000.0,0,0,1,0,1,0,0,0,1,0,1,1,3,4
0,0,33.0,33.0,-6.252,106.847,335000000.0,0,0,0,0,0,0,0,0,0,0,2,3,1,2
3,1,2230.0,300.0,-6.25,106.82,55000000000.0,0,1,1,0,1,1,1,0,0,1,1,1,4,6
0,0,64.0,60.0,-6.289,106.839,300000000.0,0,0,0,0,0,0,0,0,0,0,1,3,1,2
0,0,517.0,452.0,-6.25,106.82,400000000.0,0,0,0,0,0,0,1,0,1,0,1,3,3,4
0,0,61.0,125.0,-6.243,106.8,1750000000.0,0,0,1,0,0,0,0,0,0,0,1,1,3,3
2,0,429.0,390.0,-6.244,106.776,20000000000.0,0,0,0,0,0,0,1,0,0,0,1,3,4,6
0,1,3000.0,49.0,-6.244,106.776,850000000.0,1,0,1,0,0,0,0,0,0,1,2,1,2,2
0,0,33.0,33.0,-6.252,106.847,250000000.0,0,0,0,0,0,0,0,0,0,0,2,3,1,2
0,1,60.0,40.0,-6.284,106.8,315000000.0,0,0,1,0,0,0,0,0,0,0,1,1,1,2
0,0,132.0,274.0,-6.244,106.776,5100000000.0,0,0,0,0,0,0,0,0,0,0,1,1,3,3
0,1,81.0,140.0,-6.284,106.8,1550000000.0,0,1,1,0,0,1,1,0,1,1,1,1,4,4
0,0,42.0,42.0,-6.252,106.847,555000000.0,0,0,0,0,0,0,0,0,0,0,2,1,1,2
0,0,2000.0,60.0,-6.289,106.839,4300000.0,0,0,0,0,0,0,0,0,0,0,2,1,1,2
0,0,130.0,200.0,-6.289,106.839,2500000000.0,0,0,0,0,0,0,1,0,0,0,1,1,4,4
0,0,78.0,100.0,-6.247,106.761,1500000000.0,0,0,1,0,0,0,1,0,0,0,1,1,3,3
2,0,446.0,1.0,-6.284,106.8,6710000000.0,0,0,0,0,0,0,0,0,0,0,1,1,4,7
2,0,240.0,350.0,-6.289,106.839,7000000000.0,0,0,0,0,1,0,0,0,0,0,1,1,5,5
0,1,36.0,36.0,-6.252,106.847,3399999.0,0,0,0,0,0,1,0,0,0,0,2,2,1,2
1,0,359.0,200.0,-6.243,106.8,25000000000.0,0,0,0,0,0,0,0,0,0,0,1,1,3,4
0,1,36.0,36.0,-6.252,106.847,2999999.0,0,0,0,0,0,1,0,0,0,0,2,2,1,2
0,1,36.0,36.0,-6.252,106.847,450000000.0,0,0,0,0,0,0,0,0,0,0,2,2,1,2
0,1,60.0,48.0,-6.247,106.761,600000000.0,0,1,1,0,0,0,0,0,0,0,1,1,2,3
0,0,184.0,208.0,-6.289,106.839,3128000000.0,0,0,1,0,1,0,1,1,0,0,1,1,2,4
0,0,513.0,414.0,-6.289,106.839,445000000.0,0,0,0,0,0,0,1,0,0,0,1,3,3,4
0,1,33.0,33.0,-6.252,106.847,380000000.0,0,0,0,0,0,0,0,0,0,0,2,1,1,1
0,0,45.0,90.0,-6.289,106.839,65000000.0,0,0,1,0,1,1,1,0,0,0,1,1,2,3
0,0,40.0,40.0,-6.244,106.776,500000000.0,0,0,0,0,0,0,1,0,0,0,1,1,1,2
2,0,156.0,400.0,-6.284,106.8,7500000000.0,0,0,0,0,1,0,1,0,0,0,1,1,3,4
0,0,307.0,250.0,-6.252,106.847,200000000.0,0,0,0,0,0,0,0,0,0,0,1,1,3,6
0,0,50.0,50.0,-6.252,106.847,749900000.0,0,0,0,0,0,0,0,0,0,0,2,1,1,3
0,1,27.0,27.0,-6.243,106.8,1500000.0,0,0,0,0,0,0,0,0,0,0,1,1,1,1
0,0,170.0,228.0,-6.25,106.82,4500000000.0,0,1,0,0,1,0,0,0,0,0,1,1,2,3
3,0,575.0,1400.0,-6.244,106.776,48000000000.0,0,0,0,0,0,0,0,0,0,0,1,1,5,5
0,1,114.0,100.0,-6.247,106.761,2200000000.0,0,1,1,0,0,1,0,0,0,0,1,1,3,4
0,0,1000.0,600.0,-6.284,106.8,684000000.0,0,0,0,0,0,0,1,1,0,0,1,3,4,4
0,0,60.0,50.0,-6.243,106.8,330000000.0,0,0,0,0,0,0,0,0,0,0,1,1,1,2
0,1,63.0,40.0,-6.284,106.8,300000010.0,1,1,1,0,0,0,0,0,0,1,1,1,1,2
2,0,300.0,195.0,-6.243,106.8,8700000000.0,0,0,0,0,1,0,1,0,0,0,1,1,3,4
0,0,135.0,80.0,-6.247,106.761,1500000000.0,0,1,1,1,0,0,0,0,0,1,1,1,2,3
0,0,337.0,320.0,-6.289,106.839,4600000000.0,0,1,0,0,0,0,1,0,0,0,1,1,3,5
0,0,430.0,120.0,-6.244,106.822,1400000000.0,0,0,0,0,0,0,0,0,0,0,1,1,2,4
2,0,247.0,252.0,-6.284,106.8,10500000000.0,0,0,0,0,0,0,1,0,0,0,1,2,10,10
0,1,3000.0,38.0,-6.244,106.776,580000000.0,1,0,1,0,0,0,0,0,0,1,2,1,1,2
2,0,914.0,520.0,-6.243,106.8,18900000000.0,0,0,0,0,1,0,0,0,0,0,1,1,4,6
0,0,258.0,258.0,-6.284,106.8,5000000000.0,0,0,1,0,0,0,1,0,0,0,1,1,5,8
0,0,250.0,230.0,-6.284,106.8,120000000.0,0,1,1,0,1,0,1,1,0,0,1,1,2,3
0,0,55.0,36.0,-6.252,106.847,250000000.0,0,0,0,0,0,0,0,0,0,0,1,1,1,2
0,0,59.0,36.0,-6.289,106.839,280000000.0,0,0,0,0,0,0,0,0,0,0,1,1,1,2
0,0,65.0,40.0,-6.284,106.8,320000000.0,0,0,0,0,0,0,0,0,0,0,1,1,1,2
0,0,77.0,45.0,-6.243,106.8,365000000.0,0,0,0,0,0,0,0,0,0,0,1,1,1,2
0,1,3000.0,22.0,-6.244,106.776,340000000.0,1,0,1,0,0,0,0,0,0,1,2,1,1,2
3,0,1180.0,2000.0,-6.244,106.776,80000000000.0,0,0,0,0,0,0,1,1,0,0,1,2,5,5
0,0,32.0,64.0,-6.244,106.776,350000000.0,0,0,0,0,0,0,0,0,0,0,1,1,1,3
0,0,41.0,71.0,-6.289,106.839,800000162.0,0,0,1,0,1,0,0,0,0,0,1,1,2,3
0,0,40.0,70.0,-6.252,106.847,800000161.0,0,0,1,1,1,0,0,0,1,0,1,1,2,3
0,0,90.0,205.0,-6.25,106.82,4900000000.0,0,0,0,0,0,0,1,0,0,0,1,1,4,3
2,0,770.0,200.0,-6.289,106.839,12000000000.0,0,0,0,0,0,0,0,0,0,0,1,1,3,6
0,0,346.0,270.0,-6.25,106.82,6228000000.0,0,0,0,0,1,0,0,0,0,0,1,1,3,5
0,0,157.0,157.0,-6.243,106.8,30000000.0,0,0,0,0,0,0,0,1,0,0,2,3,2,2
0,1,157.0,222.0,-6.247,106.761,2900000000.0,0,1,1,0,0,1,0,0,1,1,1,1,3,4
0,0,200.0,300.0,-6.244,106.776,300000000.0,0,0,0,0,0,0,1,0,0,0,1,1,4,4
1,0,251.0,499.0,-6.244,106.776,35000000000.0,0,0,0,0,0,0,0,0,0,0,1,1,2,2
0,0,300.0,250.0,-6.284,106.8,4000000000.0,0,0,0,0,0,0,0,0,0,0,1,1,4,5
0,1,10000.0,26.0,-6.25,106.82,350000000.0,0,0,1,1,0,0,0,0,0,0,2,1,1,1
0,1,60.0,40.0,-6.244,106.776,350000000.0,0,1,1,0,1,1,1,0,1,0,1,1,1,2
0,0,40.0,35.0,-6.252,106.847,4000000.0,0,0,0,0,0,0,0,0,0,0,2,2,1,2
2,0,505.0,800.0,-6.25,106.82,17500000000.0,0,1,1,0,0,1,0,0,0,0,1,1,4,5
0,0,108.0,166.0,-6.284,106.8,3304000000.0,0,1,1,0,1,0,0,0,0,0,1,1,4,4
2,0,251.0,450.0,-6.243,106.8,14000000000.0,0,0,0,0,0,0,1,0,0,0,1,1,1,2
0,0,88.0,88.0,-6.247,106.761,168000000.0,0,0,0,0,0,0,0,0,0,0,2,3,2,2
0,1,72.0,36.0,-6.244,106.776,397000000.0,0,0,1,0,0,0,0,0,0,0,1,1,1,2
0,0,116.0,180.0,-6.284,106.8,2250000000.0,0,1,1,0,1,0,0,0,1,1,1,1,4,5
1,0,337.0,350.0,-6.243,106.8,27000000000.0,0,0,1,0,0,0,0,0,0,0,1,1,6,6
2,0,200.0,350.0,-6.284,106.8,7000000000.0,0,0,0,0,1,0,1,0,0,0,1,1,4,7
1,0,1300.0,600.0,-6.25,106.82,21445000000.0,0,0,0,0,0,0,0,0,0,0,1,1,3,4
2,0,400.0,330.0,-6.244,106.776,10000000000.0,0,0,0,0,0,1,1,0,0,0,1,1,4,5
0,0,59.0,40.0,-6.289,106.839,395000000.0,0,0,0,0,0,0,0,0,0,0,1,1,1,2
0,0,50.0,36.0,-6.284,106.8,350000000.0,0,0,0,0,0,0,0,0,0,0,1,1,1,2
1,0,1230.0,650.0,-6.243,106.8,35000000000.0,0,1,0,0,1,1,0,0,0,0,1,1,4,5
0,1,21.0,21.0,-6.289,106.839,3500000.0,0,0,0,0,0,1,0,0,0,0,2,2,1,1
1,0,572.0,450.0,-6.244,106.776,25000000000.0,0,0,0,0,0,1,1,0,0,0,1,1,4,5
0,0,80.0,45.0,-6.252,106.847,793995624.0,0,0,0,0,0,0,1,0,1,0,1,1,1,2
1,0,752.0,453.0,-6.25,106.82,25000000000.0,0,0,0,0,0,0,1,0,0,0,1,1,5,5
2,0,679.0,230.0,-6.284,106.8,14500000000.0,0,0,1,0,1,0,1,0,0,0,1,1,6,6
0,0,150.0,250.0,-6.284,106.8,3300000000.0,0,0,0,0,1,0,1,0,0,0,1,1,4,4
2,0,518.0,300.0,-6.247,106.761,6800000000.0,0,0,0,0,0,0,0,0,0,0,1,1,3,6
0,0,55.0,70.0,-6.289,106.839,650000000.0,0,0,0,0,1,0,0,0,1,0,1,1,2,3
0,0,158.0,191.0,-6.284,106.8,1400000011.0,0,0,0,0,1,0,1,0,0,0,1,1,3,5
0,0,90.0,103.0,-6.252,106.847,1125000000.0,0,1,1,0,1,1,0,0,0,0,1,1,2,3
0,0,96.0,70.0,-6.289,106.839,650000000.0,0,1,1,0,0,1,0,0,0,0,1,1,2,3
2,0,600.0,450.0,-6.25,106.82,13000000000.0,0,0,0,0,0,0,0,0,0,0,1,1,6,5
2,1,525.0,300.0,-6.284,106.8,13125000000.0,0,0,0,0,0,0,1,0,0,0,1,1,2,3
0,0,245.0,240.0,-6.284,106.8,6500000000.0,0,0,1,0,1,1,1,0,0,0,1,1,4,5
0,0,246.0,200.0,-6.25,106.82,2100000000.0,0,0,0,0,1,0,1,1,0,0,1,1,2,7
0,0,75.0,67.0,-6.25,106.82,675000000.0,0,0,1,0,0,0,1,0,1,0,1,1,2,3
2,0,1500.0,500.0,-6.284,106.8,18600000000.0,0,0,0,0,0,0,1,0,0,0,1,1,5,4
2,0,211.0,354.0,-6.284,106.8,8000000000.0,0,1,0,0,0,1,1,0,0,0,1,1,3,3
0,0,198.0,180.0,-6.247,106.761,5800000000.0,0,0,0,0,1,0,0,0,0,0,1,1,2,4
2,0,537.0,464.0,-6.247,106.761,7500000000.0,0,0,0,0,0,0,1,0,0,0,1,2,3,6
0,0,90.0,130.0,-6.247,106.761,1300000000.0,0,0,0,0,0,0,0,0,1,0,1,1,2,4
2,0,120.0,220.0,-6.244,106.776,6700000000.0,0,0,0,0,0,0,1,0,1,0,1,1,3,3
0,0,60.0,33.0,-6.243,106.8,428000000.0,0,0,0,0,0,0,0,0,0,0,1,2,1,2
0,0,240.0,270.0,-6.289,106.839,45000000.0,0,0,0,0,0,0,0,1,0,0,1,1,4,4
0,1,60.0,30.0,-6.25,106.82,168000099.0,0,0,1,0,0,1,0,0,0,0,1,2,1,2
0,1,71.0,50.0,-6.284,106.8,699000019.0,0,0,1,0,0,1,1,0,0,0,1,1,2,3
0,1,225.0,400.0,-6.244,106.776,5500000000.0,0,0,0,0,0,1,0,0,0,0,1,1,4,6
0,1,34.0,34.0,-6.284,106.8,1569000000.0,1,0,0,0,0,1,0,0,0,0,2,3,1,1
0,1,55.0,55.0,-6.284,106.8,2464000000.0,1,0,0,0,0,1,0,0,0,0,2,3,1,1
0,0,300.0,350.0,-6.284,106.8,4500000000.0,0,0,1,0,1,0,1,0,0,0,1,1,5,5
3,0,627.0,1050.0,-6.247,106.761,59000000000.0,0,0,0,0,0,0,0,0,0,0,1,1,5,5
2,0,793.0,393.0,-6.243,106.8,16000000000.0,0,0,0,0,0,0,0,1,0,0,1,1,3,4
0,0,60.0,39.0,-6.284,106.8,680000999.0,0,0,1,0,0,0,0,0,1,1,1,2,1,2
0,0,33.0,33.0,-6.252,106.847,150000.0,0,0,0,0,0,0,0,0,0,0,2,2,1,2
0,0,65.0,60.0,-6.243,106.8,400000000.0,0,1,0,0,0,0,0,0,0,0,1,1,1,2
0,0,1000.0,66.0,-6.243,106.8,950000000.0,0,0,0,0,0,0,0,0,0,0,2,1,2,2
0,0,95.0,60.0,-6.284,106.8,847000000.0,0,1,1,0,0,1,1,0,0,0,1,1,2,3
0,0,94.0,94.0,-6.284,106.8,2600000000.0,0,0,0,0,0,0,0,0,0,0,2,1,2,2
0,1,150.0,150.0,-6.289,106.839,1600000.0,0,0,0,0,0,0,0,0,0,0,1,1,5,5
0,0,864.0,796.0,-6.284,106.8,504000000.0,0,0,0,0,0,0,1,1,0,0,1,1,5,5
0,0,120.0,45.0,-6.289,106.839,875000012.0,0,0,1,0,0,0,0,0,0,0,1,1,1,2
0,1,60.0,65.0,-6.284,106.8,800000000.0,1,1,1,0,0,1,0,0,0,1,1,1,2,3
0,0,28.0,28.0,-6.252,106.847,4500000.0,0,0,0,0,0,1,0,0,0,0,2,3,1,1
0,0,65.0,110.0,-6.252,106.847,1300000000.0,0,0,1,0,0,0,0,0,0,1,1,1,2,3
0,0,375.0,327.0,-6.289,106.839,4500000000.0,0,0,1,0,0,1,1,0,0,0,1,1,5,5
0,0,40.0,40.0,-6.252,106.847,949000000.0,0,0,0,0,0,0,0,0,0,0,2,1,1,2
0,0,145.0,300.0,-6.289,106.839,3900000000.0,0,0,0,0,0,0,1,0,0,0,1,1,5,5
2,1,755.0,400.0,-6.284,106.8,17000000000.0,0,0,0,0,0,0,0,0,0,0,1,1,4,5
2,0,167.0,167.0,-6.243,106.8,7250000000.0,0,0,0,0,0,0,0,0,0,0,2,3,2,2
1,0,1230.0,650.0,-6.289,106.839,35000000000.0,0,1,0,0,1,1,0,0,0,0,1,1,4,5
0,0,244.0,200.0,-6.25,106.82,6000000000.0,0,0,1,0,0,0,0,0,0,0,1,1,3,5
0,1,18.0,18.0,-6.289,106.839,315000000.0,0,0,1,1,0,1,0,0,0,0,2,3,1,1
0,0,83.0,83.0,-6.243,106.8,1950000000.0,0,0,0,0,0,0,0,0,0,0,2,1,2,2
0,0,217.0,160.0,-6.289,106.839,3500000000.0,0,0,0,0,0,0,1,0,0,0,1,1,3,4
0,0,60.0,42.0,-6.252,106.847,300000000.0,0,0,0,0,0,0,0,0,1,0,1,1,2,2
0,0,26.0,26.0,-6.289,106.839,3500000.0,1,1,1,0,0,0,0,0,0,1,2,1,1,1
0,0,60.0,120.0,-6.284,106.8,950000000.0,0,0,0,0,0,0,0,0,0,0,1,1,2,3
0,1,200.0,250.0,-6.289,106.839,3500000000.0,0,1,1,0,0,0,1,0,0,1,1,1,5,5
0,0,35.0,35.0,-6.244,106.776,300000000.0,0,0,0,0,0,0,1,0,0,0,1,1,1,1
0,0,24.0,24.0,-6.242,106.758,850000.0,0,0,0,0,0,0,0,0,0,0,1,1,1,1
0,0,27.0,27.0,-6.247,106.761,1200000.0,0,0,0,0,0,0,0,0,0,0,1,1,1,1
0,1,62.0,45.0,-6.289,106.839,400000000.0,0,1,1,0,0,0,1,0,0,0,1,1,1,2
0,1,1.0,38.0,-6.252,106.847,38500000.0,0,0,0,0,0,1,0,0,0,1,2,2,1,2
0,0,36.0,36.0,-6.252,106.847,450000000.0,0,0,0,0,0,0,0,0,0,0,2,3,1,2
0,0,200.0,180.0,-6.289,106.839,2700000000.0,0,0,0,0,1,0,1,0,0,0,1,1,3,4
0,1,90.0,60.0,-6.284,106.8,735000000.0,0,1,1,0,0,0,0,0,1,1,1,1,2,2
0,1,36.0,36.0,-6.252,106.847,1400000.0,0,1,1,1,1,0,1,0,0,1,2,1,1,2
0,0,240.0,200.0,-6.289,106.839,2500000000.0,0,0,0,0,1,0,0,0,0,0,1,1,3,5
0,0,0.0,42.0,-6.289,106.839,1839200000.0,0,0,0,0,0,0,0,0,0,0,2,2,1,1
0,0,0.0,44.0,-6.289,106.839,1914000000.0,0,0,0,0,0,0,0,0,0,0,2,2,1,1
1,0,616.0,600.0,-6.244,106.776,35000000000.0,0,0,0,0,0,0,1,0,0,0,1,3,9,9
0,0,0.0,29.0,-6.289,106.839,1299100000.0,0,0,0,0,0,0,0,0,0,0,2,2,1,1
0,0,988.0,632.0,-6.243,106.8,350000000.0,0,0,0,0,0,0,0,0,0,0,1,3,3,4
2,0,472.0,650.0,-6.25,106.82,16500000000.0,0,0,0,0,1,0,1,0,0,0,1,1,3,4
0,0,269.0,300.0,-6.284,106.8,5200000000.0,0,0,0,0,0,0,1,0,0,0,1,1,5,4
0,0,745.0,500.0,-6.25,106.82,550000000.0,0,0,0,0,0,0,0,0,0,0,1,3,4,4
0,0,180.0,250.0,-6.284,106.8,6500000000.0,0,0,0,0,0,0,1,0,0,0,1,3,2,3
0,0,825.0,600.0,-6.25,106.82,275000000.0,0,0,0,0,0,0,1,0,0,0,1,3,3,4
0,0,1225.0,850.0,-6.289,106.839,1000000000.0,0,0,0,0,0,0,1,0,0,0,1,3,5,6
0,0,1200.0,900.0,-6.289,106.839,500000000.0,0,0,0,0,0,0,1,0,0,0,1,3,3,4
0,0,800.0,350.0,-6.25,106.82,300000000.0,0,0,0,0,0,0,1,0,0,0,1,3,4,4
0,0,600.0,500.0,-6.25,106.82,300000000.0,0,0,0,0,0,0,1,0,0,0,1,3,2,3
0,0,250.0,217.0,-6.25,106.82,250000000.0,0,0,0,0,0,0,1,0,0,0,1,3,2,2
0,0,900.0,750.0,-6.25,106.82,450000000.0,0,0,0,0,0,0,1,0,0,0,1,3,4,4
0,0,1050.0,400.0,-6.25,106.82,475000000.0,0,0,0,0,0,0,1,0,0,0,1,3,3,4
0,0,1150.0,400.0,-6.25,106.82,400000000.0,0,0,0,0,0,0,1,0,0,0,1,3,3,4
